word_name,class_name
orange,B
inn,A
bringing,A
seen,B
probability,A
ss,B
treasures,B
volunteer,B
supply,B
av,B
than,B
permits,B
keith,A
cannon,A
southeast,A
preparing,A
checking,A
pentium,A
pools,A
full,A
occasions,B
securities,A
flexible,B
gis,A
passengers,A
identifier,B
aimed,B
bishop,B
begin,B
coin,A
houston,B
rim,A
crucial,B
networking,A
ave,B
surround,A
morgan,A
client,A
collector,B
subaru,A
festival,B
gallery,A
runner,A
hint,A
msgid,A
centered,A
klein,B
scanner,B
email,B
wrapping,A
tier,B
lens,A
carpet,B
awards,A
heads,A
bowl,B
update,B
mo,B
aviation,A
sought,B
producers,B
marco,B
boutique,A
conversion,A
innovative,B
tucson,B
toolkit,A
hitting,A
included,B
lights,A
shift,A
adam,A
casio,B
freeze,B
parliamentary,B
journey,B
headers,B
studies,B
combines,B
dublin,A
begun,A
we,A
bolivia,B
burke,B
mobiles,B
that,B
breakdown,A
side,A
household,B
sq,A
dramatically,A
nevertheless,A
distributors,B
myth,A
auctions,A
bulk,B
forgotten,B
hung,B
contractor,A
legends,A
composite,B
insured,A
gym,B
expected,B
showers,A
comparing,A
promised,B
nick,B
scheme,A
this,A
present,B
google,B
argue,B
kilometers,B
saved,B
auckland,A
chips,B
cadillac,A
magic,A
backgrounds,B
notebooks,A
close,B
abuse,A
nightmare,A
planner,B
brad,A
sponsored,B
sites,B
cleaner,A
innovations,A
affecting,B
alberta,A
nfl,B
introduce,B
cabinets,A
inbox,A
vegetable,B
driving,B
mail,B
sunshine,A
fifty,A
millions,A
normal,B
bras,A
fuji,A
senator,B
pac,A
pamela,A
condos,A
kevin,B
urls,A
responded,B
sydney,A
tobago,A
longer,B
literally,A
fly,B
skills,A
wanting,B
raising,A
nations,A
holy,A
sv,B
hottest,A
wednesday,A
german,A
sticky,B
find,A
mi,A
guard,B
accept,B
country,B
battlefield,B
fundraising,A
analyst,B
american,A
appliances,A
technical,B
accuracy,B
solution,A
institutions,A
cambridge,A
ing,A
pain,A
harvard,B
comm,A
yet,A
consider,A
changelog,B
lucy,A
showcase,A
noticed,B
fifteen,A
metric,B
grave,A
rating,A
earned,B
trauma,A
japanese,A
wanted,A
defining,B
sacred,A
backing,B
importantly,A
electro,B
begins,A
wishing,B
named,B
adobe,A
ads,A
stunning,A
cardiovascular,A
township,B
vienna,B
ingredients,B
inquiries,A
rest,A
busy,A
today,B
funds,A
severe,A
orientation,B
challenge,B
victory,A
gba,A
leadership,B
jeremy,B
chose,B
governments,B
bedrooms,A
saskatchewan,A
inform,A
thumbzilla,A
adjustable,B
oops,A
convinced,B
spanish,A
achievements,A
inspections,A
reserve,B
altered,A
voluntary,B
picnic,B
durable,B
attacked,B
races,A
somewhat,B
inputs,A
antarctica,A
page,A
thehun,B
lit,A
os,B
delivers,A
lexus,B
fight,A
lounge,A
hopkins,A
chapters,A
below,B
australian,A
danger,B
healthy,B
participated,A
travesti,A
revealed,B
factor,A
arrested,A
constraint,A
composed,A
una,A
adolescent,B
decent,A
springs,B
obvious,A
fossil,B
distances,B
writes,A
prison,B
defence,A
donna,A
primarily,A
afghanistan,B
default,A
xml,B
presentations,B
wolf,A
procurement,B
modelling,A
tc,A
teaching,A
tons,A
caribbean,B
hockey,A
feel,A
bg,B
portraits,B
advisors,B
crossword,A
flowers,B
older,B
rw,A
awesome,B
quest,A
lean,A
tommy,A
marking,A
eclipse,B
drill,A
implement,B
obituaries,B
modify,B
firewire,A
children,A
shoppers,A
reading,A
disclose,B
mixer,A
entrepreneur,B
penalty,B
perfect,A
beneath,A
etc,A
ana,A
garlic,B
adding,A
cradle,A
arena,A
quizzes,A
lesbian,B
award,B
mba,B
buck,A
lone,A
creative,B
honest,A
coating,B
favor,B
vc,A
examinations,A
knee,B
widely,B
mx,B
fix,B
biol,B
late,A
reaches,A
albert,A
offerings,B
carriers,A
nutrition,A
gmt,B
attachment,B
take,B
maritime,A
advantage,A
cricket,A
archive,B
unless,B
marriott,B
put,B
ceiling,A
kiss,B
egg,B
radius,A
passive,A
admin,B
gl,B
ruling,A
limitations,A
quoted,A
pills,A
sheet,B
maintaining,B
col,A
evening,A
left,B
persistent,B
trip,A
chances,B
script,A
nearby,B
sheer,B
poems,B
verbal,B
summaries,A
electron,B
donors,A
tin,B
msgstr,B
closes,B
thriller,A
polish,B
simple,B
nudist,B
clothes,A
industry,B
alabama,A
business,A
hold,B
caught,A
parish,A
al,B
levitra,B
tanks,A
databases,B
resources,B
incidents,B
shuttle,B
iron,A
activity,B
digit,A
clark,A
condition,A
zero,A
judicial,B
delight,A
districts,B
many,A
percentage,A
speak,B
bear,B
forced,A
motor,A
dirt,A
weed,B
acquisitions,A
fda,B
custom,A
misc,A
sublimedirectory,A
diabetes,A
imagine,A
ambassador,A
showed,A
audi,A
studied,B
highways,B
thu,B
thereafter,A
fa,A
repair,A
tax,B
although,B
exclusion,A
validation,A
honolulu,B
ruby,A
cold,B
heavily,B
en,A
winners,A
safety,B
boxed,A
simultaneously,A
logged,B
subject,B
continent,A
around,A
collected,B
devil,B
unnecessary,A
toy,B
math,B
wilderness,B
acceptable,B
personals,B
zu,A
mauritius,A
omissions,B
ago,B
monkey,B
elementary,B
holdem,B
tanzania,B
antiques,B
detected,B
gloves,A
asbestos,A
nest,B
scsi,A
physiology,B
energy,A
federal,A
firmware,A
aboriginal,B
jerry,A
realize,A
place,B
telescope,A
reuters,B
avg,B
patch,A
paintball,B
seal,B
pie,B
hay,B
pale,A
pleasant,B
ottawa,B
lucas,B
submitted,B
prepare,B
famous,A
ear,B
providers,B
ko,B
operate,B
campaign,A
provided,B
precious,A
amenities,A
ol,B
cameras,B
apparatus,B
ie,A
imaging,A
riders,A
illustrations,A
aud,B
landing,A
advertising,A
plumbing,B
else,A
item,B
tales,B
titans,B
ryan,A
considers,A
unable,B
graduates,B
afraid,B
personalized,B
shirt,A
nsw,B
autumn,B
doctor,A
pregnancy,B
gods,A
become,A
beastality,A
herbs,B
yourself,A
commercial,B
civilization,A
publisher,A
bt,B
porcelain,A
visitors,A
pp,A
lonely,A
memo,B
winter,A
charged,A
ringtones,B
relocation,B
seven,B
meanwhile,A
extend,B
streets,B
lottery,A
makers,A
schema,A
harry,A
foul,B
differences,B
kenneth,A
management,A
adsl,A
dreams,A
granny,A
spec,A
williams,A
revolution,A
committees,B
political,A
beta,B
h,B
idol,B
tm,A
cycle,A
past,A
completely,B
basic,B
wood,A
unavailable,B
explore,A
robinson,A
oxide,A
emotions,B
myself,B
knives,B
entrepreneurs,B
encouraged,A
throwing,A
theories,A
remember,B
sb,B
commodity,B
sticker,B
messaging,A
diffs,B
whom,A
ce,A
fe,B
presents,B
roberts,A
ordered,B
specialized,B
flesh,B
buyer,B
podcasts,A
eva,B
language,A
giving,B
bubble,A
oct,A
movement,A
perfume,B
book,B
fs,B
write,A
sufficiently,A
replaced,A
hazards,A
blvd,B
engage,A
arkansas,A
greensboro,B
coordination,A
productivity,B
sake,B
missed,A
int,A
oval,B
tampa,A
seasons,B
option,B
mint,A
instructions,A
diversity,B
songs,B
spot,A
bite,B
pictures,B
beliefs,B
define,B
diesel,B
request,B
allah,B
nec,A
dividend,B
immediately,B
requests,A
keeping,B
suite,B
advertisement,B
playing,B
moldova,B
styles,A
leasing,B
ata,B
shake,B
life,B
underground,A
med,B
eh,B
viewers,B
mean,B
dat,B
sunny,A
leave,B
explanation,A
stating,B
gospel,B
latina,A
graham,A
half,B
liquid,A
west,A
cocktail,B
can,B
ignored,B
tiffany,A
festivals,A
lined,B
competitions,A
o,B
excluding,A
bed,A
plastic,B
competitors,A
butts,A
curriculum,B
guild,B
remainder,B
subsection,B
representing,B
conventions,A
summer,B
controversy,A
initially,A
cooperation,B
transportation,B
fishing,A
motors,A
traffic,B
operators,B
cash,B
greatly,A
stick,B
snap,A
villas,A
stretch,B
symantec,A
money,A
taken,A
wise,B
contributing,B
symptoms,A
dollar,A
convert,A
brings,B
success,A
destroy,A
instrumentation,B
hobby,A
paso,B
law,B
prescribed,A
finland,B
exceptional,B
bag,B
stuck,B
panama,A
remain,B
entertainment,A
francis,A
soonest,B
ny,A
hospitality,A
rays,B
ronald,B
aol,B
ongoing,B
film,A
peers,B
indoor,B
cancelled,B
chronicles,A
spiritual,B
these,B
communicate,B
tire,B
rebates,A
options,A
change,B
chemicals,B
insects,A
adapted,A
railway,B
homeland,A
spam,A
matches,A
trading,A
exception,B
gen,B
relevant,A
places,B
prep,B
telecharger,B
echo,B
crest,A
jewelry,A
purse,A
led,B
influenced,B
marie,A
bon,B
compact,A
guidelines,B
risk,A
ratios,A
blues,B
aus,A
objects,A
flower,B
fast,A
babes,A
memorial,B
prizes,A
best,A
cities,A
remembered,B
ruled,B
cooked,B
sport,B
logging,B
lanes,A
thumbs,B
farmers,B
quarters,B
duncan,B
cas,B
quilt,B
bush,A
skin,B
heath,A
jumping,B
consideration,A
likely,B
hudson,B
resort,B
forty,B
pichunter,B
citizens,A
permissions,A
rendered,B
geometry,A
wrapped,A
cost,A
dozens,A
doom,B
swingers,B
some,B
essex,A
leu,A
pounds,A
photographer,A
require,B
venue,B
pill,B
bang,B
golden,B
wishlist,B
deleted,B
packard,A
butter,B
squad,B
notebook,A
added,B
ro,A
lakes,A
willing,A
made,B
de,A
voyeurweb,A
regression,B
ellen,B
cache,B
renewable,A
technology,B
justify,B
til,A
manage,A
persons,B
offense,A
identifies,B
kathy,A
gb,A
julia,B
reaction,B
calibration,A
radar,B
monthly,B
retired,B
mounted,B
game,B
suspected,B
good,A
yellow,B
margin,B
waters,A
savannah,B
php,B
mb,B
oh,B
constant,A
cnn,B
reggae,B
content,A
rehab,B
respondent,A
sn,A
club,A
propose,B
surprising,A
recent,A
stolen,A
goals,A
compatible,A
presented,B
off,A
sega,B
launched,B
com,A
turtle,B
surge,B
going,B
bench,B
thompson,A
warranty,A
collection,B
pb,B
unique,A
dispatched,A
shopping,A
acquired,A
medline,B
seek,A
transmitted,A
jewish,B
fiction,B
invitations,B
yukon,B
direct,A
childhood,B
continuous,B
dutch,A
remains,B
telephony,B
operational,B
opportunity,A
acknowledge,B
females,B
live,A
useful,B
investigate,B
horn,B
doctrine,A
chorus,A
chen,A
announce,A
shipments,B
queensland,A
handmade,B
libraries,A
ricky,A
unlike,B
ad,B
delivery,A
duplicate,B
scratch,A
directly,A
recommendation,A
dubai,B
size,A
modifications,B
post,B
slots,A
duty,B
trailer,B
taught,B
oclc,A
move,A
arrange,A
empirical,B
gamespot,A
someone,B
newport,B
copyright,A
fits,B
cup,B
intent,A
volleyball,B
ti,B
estimated,A
silent,A
constructed,A
qld,A
worth,A
advocacy,B
ranking,A
hwy,A
activists,B
tiger,B
mayor,A
qt,A
massage,A
conference,B
secure,B
belle,B
leo,B
ee,B
cumulative,B
tours,B
exports,B
governmental,B
aquarium,A
janet,B
polyphonic,B
genesis,A
her,B
stamps,A
plymouth,A
volunteers,B
sin,A
posting,B
introduction,B
processing,A
socket,A
gtk,B
kinda,B
protecting,B
hotels,A
april,A
desk,A
clock,A
testament,A
pointed,A
ld,B
deck,A
structured,B
collar,A
warrior,B
crossing,A
oliver,A
california,A
boats,B
waterproof,A
acrylic,A
roll,B
implementing,B
hardcover,B
sponsorship,B
cr,A
athletes,B
corresponding,A
frequencies,B
feet,B
ladder,B
venues,B
industries,B
belongs,B
wherever,A
cfr,B
icons,A
ext,B
mw,A
weapon,A
drag,A
pilot,B
receives,A
licking,B
vaccine,B
expo,B
interested,A
universities,A
blocks,A
complexity,B
corruption,A
settings,B
continued,B
formula,B
milton,B
gadgets,B
pa,A
wagon,B
small,B
excel,B
fat,A
license,B
ohio,B
avenue,B
remaining,B
alien,A
poor,B
punishment,A
johnson,B
purchased,B
broke,B
ceramic,A
rosa,A
gras,A
announces,A
recorded,B
tale,B
integral,A
rear,B
robbie,A
soon,B
horse,A
horses,A
containers,A
ga,B
generations,A
revenge,B
woman,A
alpha,B
looked,A
tries,A
blogs,B
coal,A
loc,A
might,A
ecological,A
copies,B
fresh,B
meant,A
recycling,A
timing,B
soa,B
territories,A
retrieved,B
essentially,A
peace,B
libs,A
ll,B
perspectives,B
slovak,B
j,B
fitness,A
daily,B
belts,B
tried,A
hybrid,A
ref,B
savings,B
sufficient,A
craft,B
varies,A
ky,A
aaa,B
wallace,B
dv,B
illegal,A
earrings,B
mario,A
wto,B
cyber,A
managing,A
yorkshire,B
young,A
takes,A
commitments,B
denied,A
brunei,A
sense,A
dg,A
trivia,A
rage,A
highlights,A
international,B
drinks,A
daughters,B
figures,B
spread,B
hundred,B
expense,A
refrigerator,B
defined,B
federation,B
earn,B
trains,A
paul,A
gather,A
exactly,A
vendors,B
pulse,A
observations,A
the,A
spine,B
gap,B
journals,A
rice,A
bottles,B
gibraltar,A
arnold,B
towns,B
heat,A
apps,A
pvc,A
imperial,B
patient,A
due,B
floppy,A
ed,B
rotary,A
airplane,A
selective,B
ab,A
moving,B
agrees,B
weapons,A
destruction,B
frames,A
point,B
cheats,A
admit,B
twisted,A
lamps,A
managers,A
turbo,B
undertaken,A
wire,B
specifies,A
ut,A
process,A
oman,A
beaver,B
yacht,B
fiji,B
eligibility,A
smooth,A
finds,A
round,A
firm,A
adopt,B
website,A
credit,A
norm,A
generous,A
kidney,A
burn,B
refurbished,B
ho,A
editorials,A
goat,B
croatia,A
deluxe,B
strength,B
diff,B
treo,B
reward,B
cameron,B
reserves,B
dvd,B
characterized,B
pledge,B
idle,B
efforts,B
cube,B
runs,A
possess,B
affiliates,A
font,B
vid,B
xerox,A
johnston,A
walnut,B
even,B
barrier,A
rebate,B
prescription,A
character,B
tribute,B
drilling,A
posters,B
sol,B
optimum,A
workstation,B
discovered,B
medicines,B
israeli,B
conf,A
exposure,A
center,A
listed,A
board,B
chevy,B
ruth,A
mad,B
reviews,B
ford,B
goal,B
pulled,B
mainstream,A
few,A
beans,B
ampland,A
formed,B
depression,B
disney,A
decorating,A
gm,B
virgin,B
usc,B
hook,B
targets,B
rand,A
view,B
node,A
event,B
temporary,B
usb,A
preparation,B
intensity,A
fog,B
spirits,B
learn,B
connections,A
yea,A
sequences,B
lat,A
attempting,A
complaint,A
brook,B
rpg,B
authorization,B
of,B
sharp,B
stakeholders,A
colors,A
preserve,B
moments,B
meal,B
doctors,A
univ,A
solved,B
flu,B
pattern,B
photographs,A
barbara,B
music,B
motion,B
ali,A
peak,B
diameter,B
slovakia,B
penny,A
nottingham,A
guru,B
fridge,A
hierarchy,B
funded,B
hotmail,B
vacations,B
absorption,B
participating,A
investors,A
library,A
conferences,B
limitation,A
latter,B
aged,A
speed,B
midnight,A
passion,B
arcade,A
connecticut,A
dialog,B
marine,A
gps,A
verzeichnis,B
colorado,A
correspondence,A
proxy,B
distance,B
engines,A
decade,A
advisor,B
logs,B
used,A
pas,A
excerpt,B
already,B
market,B
indonesian,A
image,A
environments,A
texas,A
mission,B
c,B
baseball,B
connecting,A
heading,A
painted,A
cu,B
region,B
marks,A
picks,B
christmas,A
audio,B
social,A
director,A
webster,B
turned,B
beginners,B
trim,A
ends,A
mrna,B
ethiopia,A
working,A
rapids,A
intake,A
managed,A
cuts,A
assumed,B
name,B
tune,A
litigation,A
pro,B
indicate,A
newsletters,B
develop,B
box,B
states,B
conclusions,A
wonderful,B
vegetation,B
coupon,A
hawaiian,B
basically,A
tf,A
webcast,B
defendant,A
legendary,B
airports,A
dental,B
walked,B
scenic,B
once,B
sapphire,A
mighty,A
sparc,A
immigration,A
billy,A
exotic,B
russian,A
hop,A
systems,B
enjoy,B
processed,A
lib,A
librarian,A
concert,A
commissions,A
divx,B
supplies,A
repository,A
buys,B
climb,B
usr,B
very,A
formatting,A
feeding,A
bills,A
computers,A
marketplace,B
painting,A
grain,A
richardson,B
subscribe,A
graph,A
list,A
optical,A
usda,B
buy,B
set,B
void,B
innocent,A
conditioning,A
blair,A
precision,B
phentermine,A
meter,B
spreading,A
massive,A
dts,A
sorry,A
incorrect,A
hugh,B
diet,A
ron,A
determined,A
elect,B
prague,B
atom,B
lots,A
smithsonian,A
chuck,B
second,A
llp,B
changed,B
mar,B
breed,B
syracuse,A
evaluated,B
commission,B
inside,A
pioneer,B
jack,B
booty,A
laptops,B
student,B
sexual,B
recorders,A
exhibit,B
went,B
instructor,A
mood,A
replica,A
cabin,A
bureau,B
transformation,A
doing,B
truth,A
programmers,B
foundation,A
babe,B
ban,A
brian,A
rivers,A
guys,B
vii,B
seemed,B
prepaid,B
zoloft,A
arabic,B
queen,B
lies,A
medications,B
indicator,A
replace,A
hurt,B
mat,B
fluid,B
dome,B
davis,B
movie,B
developmental,B
tenant,A
limits,A
gilbert,A
mon,B
href,B
fatal,B
pursue,B
keys,B
telecommunications,A
sys,B
yeah,A
ring,A
budgets,B
consistent,A
lancaster,B
throws,B
show,A
pleased,A
should,A
reaching,A
respected,A
origin,A
screens,B
couple,A
shares,A
minimal,A
swing,A
anger,B
customers,B
checked,B
labs,A
prayers,A
experiments,B
stock,A
machines,A
isp,B
switzerland,B
funky,A
infections,A
monitors,A
smoke,B
investments,B
head,B
trackbacks,A
promotes,A
either,A
acquire,A
conversation,A
genome,B
consultancy,A
precise,B
girl,A
situations,A
flexibility,B
bachelor,B
translated,A
claims,A
everyone,A
animals,A
bicycle,A
excellence,B
men,B
produces,B
double,A
proudly,B
installations,A
substantial,A
rotation,B
generation,A
upgrading,A
designed,B
builds,B
orlando,A
miniature,B
puzzle,A
spouse,A
currently,B
crude,B
certification,B
johnny,A
philips,B
mazda,B
surveys,B
pf,B
aaron,B
profit,A
ez,B
lazy,A
sink,A
abraham,A
africa,B
whole,A
occurrence,B
mg,A
stem,A
grows,B
waiting,B
amplifier,B
studying,B
elected,B
christian,A
epa,A
goes,B
tulsa,A
blogging,B
er,B
health,B
describing,A
reply,A
amongst,B
lending,A
irc,B
classes,A
burst,B
victor,B
gerald,A
largest,A
uk,B
rhode,B
korea,B
allowing,A
cited,B
lovely,A
procedures,B
experienced,B
different,B
ericsson,A
consists,A
dryer,A
metallica,B
canvas,B
conditions,A
economy,A
preston,A
mobility,A
logan,B
okay,A
keyboards,B
incorporated,A
particular,A
cruises,B
upset,B
trips,A
modem,B
std,B
dl,B
attendance,B
premier,B
ccd,B
anonymous,A
priest,A
continue,A
subjects,B
dragon,B
rat,A
governor,B
contributor,B
autos,A
noted,A
afterwards,A
dd,A
precisely,B
ebony,B
greetings,B
constraints,A
refresh,B
combination,B
pink,B
apt,A
bangkok,B
india,A
allocation,A
bp,A
survivors,B
distributor,B
viii,B
usa,A
transcripts,A
greatest,A
boy,B
disciplinary,A
shown,A
jackets,B
thai,B
carlos,B
fixtures,A
fold,B
chad,A
accounts,B
studios,B
exam,A
closest,A
movies,B
loads,A
clinics,B
lovers,A
standings,A
hardwood,B
template,B
primary,A
ph,B
ict,B
mediterranean,B
how,A
oo,A
deeply,B
listing,A
during,A
wr,B
ca,B
setting,A
timely,A
models,A
located,A
adaptive,B
heel,B
golf,B
perform,B
projects,A
lip,B
reactions,B
amateur,A
armed,B
guess,B
anybody,B
slight,A
gates,B
spring,B
installed,B
fascinating,A
focal,B
dying,B
minds,A
extension,A
plenty,B
sweet,B
persian,B
hands,A
celebration,A
appear,B
chamber,B
clarke,A
prevent,B
stages,B
jeans,B
bears,A
careful,B
wife,B
th,A
proud,B
cingular,A
parcel,A
wines,A
cubic,B
elsewhere,A
omega,B
actively,B
running,A
browsing,B
qualities,A
inc,B
temp,A
adult,B
gzip,A
upgrade,B
pipeline,B
yards,B
herbal,B
fist,B
equity,B
constitute,B
packed,B
successful,B
verification,B
barbie,B
cruise,B
ensemble,B
scary,B
df,B
estimate,A
midlands,A
deadline,B
tp,B
bm,B
watson,A
kong,B
free,B
advice,B
brighton,A
nowhere,A
eminem,B
thesaurus,A
normally,A
school,B
ssl,B
deborah,A
adjust,B
eu,A
gratis,A
gst,B
drum,A
troops,A
enter,B
issue,B
theoretical,B
evident,B
delhi,A
gain,A
mechanisms,A
quite,B
depth,B
rats,A
interaction,B
win,A
crime,B
continuing,A
bored,B
deficit,B
rings,B
confidence,A
answered,A
intranet,B
missions,B
metals,B
absence,B
clause,A
api,A
dsl,B
responding,A
naval,B
cookie,A
structure,B
recognized,A
junior,B
hl,B
affiliation,B
prefers,B
collectibles,A
warning,B
achieving,A
violence,A
files,A
generator,B
parallel,B
symbol,B
coat,B
limiting,A
version,B
franklin,A
predict,B
tactics,B
into,A
hi,A
valuation,B
exhaust,B
functions,A
file,A
lawsuit,B
blades,A
rangers,B
constantly,A
novelty,B
restrictions,B
began,B
ink,B
later,A
jokes,B
ozone,B
names,A
blogger,B
beads,A
work,A
shop,A
class,A
emma,A
viewpicture,B
achievement,A
cst,B
widespread,A
riding,A
till,A
displaying,B
spectacular,A
estimation,A
wav,B
converter,A
folks,B
formerly,B
athens,A
toe,B
charter,B
cindy,A
villa,A
impression,A
otherwise,B
island,A
weekends,A
fell,B
restored,A
optional,B
raymond,B
instruction,B
cellular,A
facilitate,B
politics,A
sh,A
paperbacks,A
briefly,B
batch,A
salt,A
veterans,B
preliminary,A
bracelets,B
terrorism,B
boston,B
jacksonville,B
humanitarian,B
served,B
yemen,A
swimming,B
subsidiary,B
long,A
freight,A
stage,A
controlling,A
mandate,A
builder,B
sources,B
neck,B
provide,B
gui,B
wellington,A
personal,B
sec,A
amounts,B
slip,B
halifax,A
accessed,A
sellers,A
kansas,A
reflections,B
wax,A
wallpapers,A
fish,B
susan,B
python,A
horrible,B
original,B
intensive,A
hours,B
suggests,A
breach,A
pump,A
romance,A
physics,B
connection,A
lo,A
sunglasses,A
shakespeare,A
hazard,B
ideal,B
shame,A
cleveland,A
motorcycle,A
discussing,A
manufacturing,A
ceo,A
paintings,B
pierre,B
petersburg,B
paragraphs,A
islands,A
americas,A
technological,B
ground,A
authors,B
maple,B
nv,B
optics,B
responsibilities,A
methodology,A
biggest,B
wp,B
dev,A
baskets,B
booking,A
pokemon,B
contributions,A
vic,B
beatles,B
members,B
classical,A
soldiers,B
polo,B
pressed,A
animated,A
glasgow,A
undergraduate,B
snapshot,A
vintage,B
devon,A
control,B
joshua,B
hawaii,B
cos,A
mins,A
lock,A
src,B
qc,B
oe,B
units,B
remind,B
completion,B
kinds,A
alot,A
tag,B
shipped,B
resist,B
q,B
mats,A
wrote,A
unlimited,A
cement,A
fonts,B
bow,B
mexican,B
solutions,A
algorithm,B
automobiles,B
drain,A
rn,B
expert,A
bulgarian,B
framework,A
workers,B
concern,B
cod,A
pensions,A
paypal,A
hc,B
malawi,B
investigators,B
et,A
effective,A
mlb,B
wa,B
previously,A
recommended,A
tension,A
easier,B
ha,B
party,A
interactions,A
pest,A
handbook,B
albania,A
cables,A
there,B
consortium,B
complement,A
personality,B
disability,A
grid,A
secret,A
transcript,A
rights,A
tahoe,B
gambling,A
hosting,B
dump,B
americans,A
sms,A
belkin,B
twelve,A
homework,B
bennett,A
arab,B
release,B
cycles,A
mode,A
rent,A
athletic,B
horror,B
blacks,A
associations,A
national,B
rebecca,B
gulf,B
word,A
home,B
variation,A
lycos,A
asus,B
spies,B
headset,A
linking,B
everything,A
timeline,A
eyes,A
veteran,B
personnel,B
epinions,B
float,B
blind,A
allergy,B
jail,B
polymer,B
partly,A
shoot,A
consultation,B
specialty,B
recovered,A
danny,A
magnetic,B
removal,B
olympic,B
history,A
referral,A
cathedral,A
championship,A
behavior,B
informed,A
hotel,A
hate,B
compounds,A
fares,A
enhancing,A
trades,B
impossible,B
enlarge,A
institution,A
jr,B
bowling,A
decrease,A
iran,A
retained,B
medieval,B
thru,A
wired,A
plug,B
protection,B
ja,A
equal,B
remix,B
representatives,B
analyzed,A
about,A
dog,B
knight,A
element,B
travelling,A
actor,A
schedules,A
steel,B
nr,B
comp,A
therefore,B
straight,A
critical,A
applicable,A
controversial,B
bars,A
assumption,A
packet,A
mini,B
supplement,B
westminster,A
heroes,B
isbn,B
wrist,A
involvement,A
mime,A
tell,A
damage,A
gage,A
segment,B
clips,B
editor,A
rank,A
tough,A
thought,B
engineering,A
legitimate,A
retrieval,B
open,B
killed,B
ff,A
approximate,A
apparently,A
its,B
arizona,A
robots,A
forecasts,B
financing,A
calculator,A
mine,A
contracting,B
dictionary,B
productive,B
churches,B
oxford,B
authorities,A
matter,B
relating,B
entry,B
nicaragua,B
disappointed,A
captain,B
championships,A
circuit,B
reliance,B
claimed,B
shot,A
applicants,A
facing,B
please,B
juvenile,B
necessity,A
dt,A
nextel,B
budget,B
components,A
bleeding,A
count,B
chairs,A
techrepublic,B
weight,A
panic,A
obligation,A
signing,A
sic,B
bearing,A
occupations,B
my,A
preference,B
hugo,B
thou,B
collectables,B
wholesale,A
sky,A
architect,B
photos,A
msg,B
bull,B
first,A
ash,B
shaped,A
tee,B
rental,B
modern,B
preventing,B
zones,B
rod,B
cars,A
communities,A
emily,B
facilities,B
dig,A
behind,A
mediawiki,B
forth,B
calculated,A
quiet,A
waiver,A
explaining,A
initial,A
ips,B
downtown,B
wilson,B
sponsor,B
families,A
textiles,A
maximize,A
cattle,B
united,A
happy,A
adapter,B
transparent,A
citysearch,B
pittsburgh,A
alternative,A
described,A
flash,B
asset,B
equality,A
controls,A
manner,B
magical,A
r,B
jc,B
telephone,B
pressure,B
farming,B
fate,A
inquire,A
surgeon,B
sexually,B
residents,B
approx,A
movers,A
minutes,B
algorithms,B
examined,A
terms,A
hot,A
plc,B
portal,B
kingdom,A
things,B
harmony,B
ou,A
case,B
details,B
mines,A
coach,B
tournaments,B
austria,B
reunion,A
references,B
geek,B
occurs,B
damages,A
nav,B
sexuality,B
playstation,B
song,B
representations,B
isolated,A
visa,A
wins,A
eliminate,A
natural,B
dept,B
biography,A
historical,A
glance,A
marketing,B
rt,B
counters,B
fit,A
oven,B
olive,A
founder,B
outcomes,A
floors,A
privileges,A
trucks,A
accepts,B
certified,B
improvement,B
i,B
relaxation,A
divided,B
employer,B
mississippi,A
tones,B
slides,A
shirts,B
candles,B
domestic,A
yang,B
kits,A
von,B
initiative,A
accommodation,B
occurring,B
dir,A
flashing,B
rugs,B
olympics,B
l,B
handled,B
rewards,B
oracle,A
cdna,A
spears,A
analyzes,A
futures,B
counter,B
qui,B
butterfly,B
engagement,A
ghz,B
get,B
browser,B
peeing,B
consistently,A
den,B
corporations,A
config,A
jewel,A
hawk,B
lay,B
boss,B
incurred,B
wells,A
lincoln,B
luther,A
patent,A
submissions,B
partial,A
provisions,A
middle,A
dairy,A
arranged,A
relations,A
declared,A
third,B
turkish,B
witness,A
eyed,A
saudi,A
beds,A
acids,B
they,A
glow,B
big,A
rick,A
exchange,B
mali,A
countries,B
reflect,B
patents,A
dream,A
martial,B
eating,B
brother,B
riverside,A
degrees,B
cet,A
window,A
sagem,A
regulatory,A
dimensional,B
hydrogen,B
land,A
promotional,B
winner,A
virtue,A
compensation,A
dakota,B
belt,B
calling,A
flame,B
merry,A
def,B
root,A
ferrari,A
wooden,A
guest,B
stanford,B
destination,A
talented,A
beginning,B
memphis,B
friday,B
roles,B
envelope,B
collaboration,A
eugene,A
hairy,A
neo,B
concerts,A
berkeley,B
assessing,B
nurses,A
prototype,B
myspace,A
memories,B
florida,B
mai,B
za,B
statutory,A
matters,B
longest,A
happening,A
euro,B
inspector,A
singh,B
aggregate,B
achieved,A
chicks,A
cheque,B
marina,A
indicating,A
manitoba,A
services,A
simulations,A
level,B
childrens,A
qualifying,A
die,B
subsequent,B
mechanics,B
arm,B
associates,A
chairman,A
antique,B
looksmart,A
honda,B
ipaq,A
joint,B
presently,B
alice,A
performance,B
reads,A
vocal,B
string,A
artwork,A
modification,B
exclusive,A
strips,B
depends,A
asylum,B
lecture,B
mathematical,A
rg,A
tracking,A
born,B
maldives,B
stupid,B
guaranteed,B
cons,A
chi,A
san,B
coastal,A
cooperative,B
medium,B
intended,B
ethics,A
creatures,B
lopez,B
tiles,A
database,B
robert,A
graduated,B
login,A
sessions,B
watt,A
olympus,B
peoples,B
lightbox,A
lists,A
evaluate,B
month,B
wayne,B
cut,A
grip,A
aug,A
requesting,B
portable,B
filled,B
innovation,B
dictionaries,A
jobs,A
monday,B
for,B
temporal,A
barbados,A
under,B
nz,B
false,A
build,B
yields,A
criteria,A
send,A
wanna,B
checks,A
ones,A
derek,B
encoding,A
electoral,A
previous,A
unexpected,B
ar,A
hiring,A
was,B
prayer,A
stands,A
framed,A
hr,A
consistency,B
indirect,A
maintained,A
wagner,B
tie,B
guided,B
range,B
expansys,B
herein,B
cabinet,A
mortgages,B
ht,B
ministry,B
pdf,B
royal,A
recently,A
briefs,A
screenshot,A
their,A
phrases,B
admissions,B
recommends,A
authentication,A
calgary,B
coffee,A
term,A
worm,A
helen,B
central,A
charlotte,B
housing,A
qualify,A
channels,B
kb,B
courtesy,A
madonna,A
fashion,A
recreation,A
acer,A
equation,B
nobody,B
usd,B
fees,B
infectious,A
fixed,A
streams,A
noise,B
interval,A
inventory,B
able,B
priorities,A
yours,B
sims,A
enzyme,B
nc,B
hq,B
oriental,B
draws,B
thomson,B
printer,A
fed,A
knows,B
pin,B
adidas,A
tri,B
receiver,A
ira,A
tradition,A
professor,B
edges,B
extraordinary,A
bidder,A
anything,A
bond,B
uruguay,B
emotional,B
vinyl,B
sunday,A
dynamics,A
determining,A
refinance,B
lisa,A
fleet,B
engine,A
fox,A
baby,B
july,B
adelaide,B
inkjet,A
troy,A
costa,A
div,B
rpm,B
fisher,B
hall,B
directors,A
determines,A
documented,A
environmental,A
greece,B
congo,B
hello,B
kill,A
attribute,B
yu,B
centres,B
state,B
malta,A
surf,A
august,B
patrick,B
rover,A
students,B
nvidia,B
belize,A
pending,A
walker,B
wichita,B
seminars,A
be,A
tuner,A
dark,B
casting,B
as,A
washington,B
upc,B
locations,A
editorial,A
v,B
cognitive,A
endangered,B
explicit,A
titled,B
baker,B
qatar,B
ia,A
mug,B
tractor,A
jackson,B
phd,B
shed,A
recommend,A
owns,A
contributors,B
twiki,B
sing,A
singapore,A
dates,A
sri,B
fill,A
bouquet,A
placing,A
recipient,B
productions,B
attributes,B
yield,B
wy,B
springer,B
apnic,B
albany,A
lectures,B
reflected,B
protected,B
gratuit,B
touch,A
incidence,B
ltd,B
universe,A
irrigation,B
flood,A
programming,B
loans,B
armenia,B
mount,B
luck,A
ended,B
thermal,A
remedy,B
expects,A
mountains,B
volkswagen,B
silver,A
machine,A
trap,A
smilies,A
lord,B
kg,B
beside,A
auditor,A
dave,B
thickness,A
tape,A
calculate,A
complaints,A
love,A
unemployment,B
assembly,B
existence,B
livecam,A
promo,B
beast,B
furnished,A
or,A
corps,A
wrap,A
dose,B
texture,A
slim,B
christians,A
tired,B
refused,B
implementation,B
cdt,A
assigned,B
area,A
convicted,B
parameter,B
babies,A
trends,A
alive,A
load,B
progressive,B
clocks,A
trout,A
mass,A
connectors,A
encyclopedia,A
shows,A
experiment,B
moves,A
dependent,B
jump,A
benefits,A
spanking,A
italic,B
officially,A
him,A
dating,B
axis,A
neutral,A
belgium,A
spell,B
cord,B
compressed,A
norway,A
reviewed,B
footage,B
solaris,A
outlets,B
packaging,A
recipes,B
pleasure,B
earlier,B
nt,B
websites,A
taiwan,B
degree,B
tight,A
channel,B
gathered,A
asthma,A
discovery,A
zinc,B
appointed,A
systematic,B
bryant,A
organizer,A
coupled,A
obesity,A
tube,A
challenged,A
sentences,B
herald,A
baking,B
tgp,B
carnival,B
monetary,A
girlfriend,B
harmful,B
speaking,B
publicly,B
parental,B
rate,A
housewives,A
norton,B
lack,B
select,B
wine,A
organ,A
ste,B
retention,B
trying,A
transactions,A
sg,B
hazardous,B
activated,B
periods,B
injection,B
category,A
stainless,B
dk,B
themes,A
les,A
worship,A
allowance,B
sales,A
portuguese,B
finishing,B
screensaver,B
wild,B
fame,B
sandy,A
source,B
nhl,B
dock,A
guy,B
rare,B
according,A
enabling,A
ceremony,B
graduation,B
arbitration,A
heart,B
cornwall,B
fu,A
irish,A
poland,B
mostly,B
express,A
deposit,B
burden,B
hydraulic,A
officers,A
antivirus,A
ski,B
projection,A
marker,B
masters,B
outdoor,B
confidentiality,A
heated,A
reflects,B
rides,A
edinburgh,A
webshots,A
homeless,B
sides,A
jews,B
wool,A
drainage,A
oil,B
teddy,A
bibliographic,A
repeated,A
seq,B
lawyers,B
barn,B
doors,B
seating,B
fioricet,B
shopzilla,A
tuesday,B
nov,B
raise,B
interstate,B
oaks,B
grill,A
laboratory,A
brochure,A
